{
  "4x4": {
    "4x4 easy": [
      [
        [1, 3, 4, 0],
        [0, 4, 3, 1],
        [4, 1, 2, 3],
        [0, 2, 0, 4]
      ],
      [
        [0, 1, 4, 0],
        [3, 4, 1, 2],
        [1, 3, 2, 4],
        [0, 2, 3, 0]
      ],
      [
        [0, 3, 4, 1],
        [4, 0, 2, 3],
        [1, 2, 0, 4],
        [3, 4, 1, 0]
      ],
      [
        [3, 4, 2, 0],
        [1, 2, 0, 3],
        [2, 0, 1, 4],
        [0, 1, 3, 2]
      ]
    ],
    "4x4 medium": [
      [
        [1, 0, 4, 0],
        [0, 4, 0, 1],
        [4, 0, 2, 0],
        [0, 2, 0, 4]
      ],
      [
        [0, 1, 4, 0],
        [3, 0, 0, 2],
        [1, 0, 0, 4],
        [0, 2, 3, 0]
      ],
      [
        [0, 3, 0, 1],
        [4, 0, 0, 3],
        [1, 0, 0, 4],
        [0, 4, 1, 0]
      ],
      [
        [0, 4, 0, 0],
        [1, 2, 0, 3],
        [2, 0, 0, 4],
        [0, 1, 0, 2]
      ]
    ],
    "4x4 hard": [
      [
        [0, 0, 4, 0],
        [0, 0, 0, 0],
        [4, 0, 0, 0],
        [0, 2, 0, 4]
      ],
      [
        [0, 0, 4, 0],
        [3, 0, 0, 2],
        [0, 0, 0, 0],
        [0, 2, 0, 0]
      ],
      [
        [0, 3, 0, 0],
        [0, 0, 0, 0],
        [1, 0, 0, 4],
        [0, 4, 0, 0]
      ],
      [
        [0, 4, 0, 0],
        [1, 0, 0, 0],
        [0, 0, 0, 4],
        [0, 1, 0, 0]
      ]
    ]
  },
  "9x9": {
    "9x9 easy": [
      [
        [0, 1, 2, 0, 4, 0, 0, 8, 0],
        [3, 0, 5, 6, 8, 9, 1, 2, 7],
        [6, 8, 0, 1, 2, 7, 3, 4, 5],
        [1, 2, 3, 0, 5, 6, 7, 9, 8],
        [4, 5, 0, 7, 0, 8, 2, 1, 3],
        [8, 9, 7, 0, 1, 0, 4, 5, 6],
        [2, 3, 8, 5, 0, 1, 0, 7, 4],
        [5, 6, 1, 9, 7, 4, 8, 0, 2],
        [0, 7, 0, 8, 0, 2, 0, 6, 0]
      ],
      [
        [0, 1, 0, 3, 0, 5, 6, 7, 9],
        [3, 4, 5, 6, 7, 9, 1, 2, 8],
        [0, 7, 0, 1, 0, 8, 0, 4, 5],
        [1, 2, 3, 4, 5, 6, 8, 9, 7],
        [0, 5, 0, 8, 0, 7, 0, 1, 3],
        [7, 9, 8, 2, 1, 3, 4, 5, 6],
        [0, 3, 0, 5, 0, 1, 0, 8, 4],
        [5, 6, 1, 9, 8, 4, 7, 3, 2],
        [0, 8, 0, 7, 0, 2, 0, 6, 0]
      ],
      [
        [0, 1, 2, 3, 4, 5, 7, 8, 0],
        [3, 0, 5, 7, 8, 9, 1, 0, 6],
        [7, 8, 0, 1, 2, 6, 0, 4, 5],
        [1, 2, 3, 0, 5, 0, 6, 9, 8],
        [0, 5, 6, 8, 0, 1, 2, 3, 7],
        [8, 9, 7, 0, 6, 0, 4, 5, 1],
        [0, 3, 0, 5, 7, 8, 0, 6, 4],
        [5, 0, 4, 9, 1, 2, 8, 0, 3],
        [0, 7, 8, 6, 3, 4, 5, 1, 0]
      ],
      [
        [0, 1, 0, 3, 0, 6, 0, 8, 0],
        [3, 5, 6, 7, 8, 9, 1, 2, 4],
        [0, 8, 0, 1, 0, 4, 3, 5, 0],
        [1, 2, 3, 4, 6, 5, 8, 9, 7],
        [0, 4, 0, 8, 9, 1, 2, 6, 0],
        [6, 9, 8, 2, 3, 7, 4, 1, 5],
        [0, 3, 0, 6, 4, 8, 9, 7, 0],
        [8, 6, 1, 9, 7, 3, 5, 4, 2],
        [0, 7, 0, 5, 0, 2, 0, 3, 0]
      ]
    ],
    "9x9 medium": [
      [
        [4,8,1,0,7,9,3,0,0],
        [3,2,6,4,1,0,5,0,7],
        [5,9,0,0,6,0,0,0,0],
        [7,5,8,6,0,3,0,4,2],
        [0,4,2,0,8,0,0,3,0],
        [6,0,0,0,2,4,0,0,0],
        [8,7,0,9,5,6,0,0,0],
        [2,1,0,8,4,0,9,6,0],
        [0,0,0,2,3,0,0,7,0]
      ],
      [
        [3,0,0,9,7,2,1,8,0],
        [7,9,0,0,0,0,5,0,0],
        [8,4,1,6,0,5,0,0,0],
        [9,2,3,0,4,0,8,0,5],
        [6,5,0,2,9,3,0,0,1],
        [0,0,7,5,6,8,3,9,0],
        [0,0,0,8,0,0,0,0,3],
        [0,3,0,7,1,9,4,5,8],
        [0,8,0,0,0,6,0,0,7]
      ],
      [
        [0,0,0,0,7,2,1,0,5],
        [6,5,1,9,0,8,7,0,0],
        [0,0,7,0,1,5,0,9,8],
        [0,0,8,0,2,9,5,1,0],
        [0,0,2,0,5,0,8,0,6],
        [1,3,5,4,8,6,0,7,0],
        [8,1,0,0,9,4,0,5,7],
        [0,0,9,5,0,0,6,0,0],
        [5,0,3,0,6,0,0,2,0]
      ],
      [
        [0,0,0,5,2,7,4,9,0],
        [0,7,0,0,4,9,1,0,6],
        [0,9,4,0,1,8,2,7,5],
        [0,0,9,4,8,6,7,0,0],
        [1,0,0,2,0,3,0,0,4],
        [4,0,0,1,0,5,0,3,2],
        [0,0,6,8,5,1,3,0,0],
        [0,2,0,9,6,0,0,1,8],
        [0,0,5,7,0,0,0,4,0]
      ]
    ],
    "9x9 hard": [
      [
        [0,0,0,0,0,0,3,0,9],
        [0,0,0,0,6,0,0,0,0],
        [0,0,0,2,0,1,0,0,0],
        [7,0,3,0,0,0,0,0,0],
        [8,0,2,6,5,0,0,0,3],
        [0,0,4,7,0,3,8,1,2],
        [9,0,0,0,0,7,0,0,8],
        [1,3,7,5,0,0,0,0,6],
        [0,0,8,0,0,0,0,0,7]
      ],
      [
        [0,7,0,0,2,0,0,0,0],
        [0,0,0,0,0,0,0,0,0],
        [0,6,0,0,0,0,0,5,0],
        [0,0,3,0,0,0,9,0,7],
        [0,9,8,0,0,0,0,2,6],
        [0,4,0,8,0,0,0,3,0],
        [0,8,6,7,0,0,2,1,0],
        [5,3,0,0,0,2,8,0,9],
        [0,0,0,0,9,8,0,7,5]
      ],
      [
        [0,4,7,0,0,0,0,0,0],
        [0,0,0,0,2,0,3,0,0],
        [0,6,0,4,7,0,0,0,0],
        [0,7,0,0,0,0,0,0,0],
        [6,0,3,0,1,0,0,0,8],
        [5,0,8,0,3,0,0,7,0],
        [0,0,0,1,0,0,0,8,6],
        [0,1,5,8,0,0,0,3,0],
        [9,8,0,0,4,0,0,1,5]
      ],
      [
        [0,5,8,1,0,0,0,3,0],
        [0,0,0,0,0,2,0,0,4],
        [4,0,1,3,0,7,0,0,2],
        [8,0,0,5,0,0,0,9,0],
        [0,2,0,0,4,3,0,0,0],
        [0,0,9,0,7,0,0,5,0],
        [0,8,0,2,1,0,0,0,6],
        [0,1,2,0,0,0,0,0,0],
        [6,0,0,0,0,5,0,0,0]
      ]
    ]
  },
  "16x16": {
    "16x16 easy": [
      [[14, 8, 0, 12, 4, 13, 3, 11, 0, 0, 10, 0, 0, 6, 9, 0],
      [3, 16, 9, 7, 8, 15, 12, 2, 4, 14, 6, 13, 11, 10, 5, 1],
      [0, 1, 6, 11, 5, 0, 9, 0, 15, 16, 3, 0, 0, 12, 4, 13],
      [5, 4, 2, 13, 0, 16, 10, 0, 12, 11, 9, 0, 15, 14, 0, 7],
      [15, 5, 12, 6, 0, 11, 16, 3, 8, 13, 4, 9, 0, 2, 10, 14],
      [9, 2, 16, 0, 15, 0, 4, 12, 10, 1, 11, 7, 3, 0, 13, 6],
      [8, 0, 13, 10, 1, 9, 0, 5, 2, 12, 16, 6, 7, 4, 0, 11],
      [1, 11, 7, 0, 2, 6, 0, 10, 0, 0, 0, 15, 12, 9, 16, 8],
      [2, 9, 5, 15, 13, 7, 11, 16, 6, 8, 14, 4, 0, 1, 12, 3],
      [0, 12, 10, 16, 3, 2, 1, 4, 0, 15, 7, 0, 14, 0, 0, 0],
      [13, 7, 0, 3, 0, 0, 8, 14, 9, 2, 1, 16, 0, 0, 6, 4],
      [4, 14, 8, 1, 0, 5, 15, 0, 0, 10, 13, 12, 16, 0, 7, 0],
      [0, 15, 1, 5, 16, 0, 0, 8, 13, 9, 2, 0, 0, 0, 0, 0],
      [7, 6, 3, 2, 14, 0, 5, 9, 16, 4, 15, 10, 13, 8, 0, 0],
      [12, 0, 0, 0, 11, 3, 2, 13, 7, 0, 8, 14, 6, 16, 1, 0],
      [16, 13, 14, 0, 10, 4, 0, 15, 1, 6, 12, 11, 9, 0, 2, 5]],
     
      [[4, 12, 0, 5, 1, 0, 10, 7, 8, 3, 0, 6, 11, 15, 2, 16],
      [6, 7, 2, 0, 12, 3, 11, 0, 10, 0, 9, 0, 4, 5, 8, 13],
      [10, 0, 11, 8, 0, 0, 0, 13, 7, 12, 2, 0, 14, 9, 1, 6],
      [13, 1, 9, 16, 4, 2, 0, 0, 14, 5, 0, 11, 12, 0, 7, 3],
      [2, 13, 0, 6, 3, 12, 16, 0, 5, 9, 10, 7, 1, 11, 0, 8],
      [16, 9, 15, 0, 13, 14, 1, 0, 0, 6, 8, 12, 10, 3, 4, 5],
      [5, 0, 3, 0, 11, 6, 0, 10, 0, 14, 1, 15, 16, 13, 9, 0],
      [1, 11, 10, 14, 7, 8, 0, 9, 0, 13, 0, 0, 6, 2, 0, 0],
      [0, 0, 8, 4, 0, 0, 0, 11, 0, 0, 0, 13, 2, 14, 3, 9],
      [7, 0, 0, 9, 16, 0, 3, 0, 6, 0, 14, 2, 13, 8, 5, 11],
      [14, 6, 0, 3, 10, 13, 2, 5, 9, 7, 0, 8, 15, 1, 0, 4],
      [11, 2, 5, 0, 9, 15, 14, 8, 0, 0, 16, 1, 7, 12, 6, 10],
      [8, 5, 13, 1, 0, 7, 12, 3, 4, 11, 6, 14, 9, 0, 0, 15],
      [9, 15, 16, 10, 14, 0, 6, 4, 13, 2, 0, 5, 8, 7, 12, 1],
      [3, 4, 7, 2, 15, 0, 13, 0, 1, 8, 12, 9, 5, 6, 11, 0],
      [0, 14, 6, 0, 0, 5, 9, 0, 15, 16, 7, 10, 3, 4, 13, 2]],
      [
        [6, 12, 15, 16, 11, 4, 5, 0, 7, 10, 13, 14, 1, 3, 0, 2],
      [10, 14, 0, 0, 3, 15, 13, 7, 6, 8, 11, 2, 5, 16, 4, 12],
      [7, 3, 13, 0, 12, 10, 0, 1, 0, 16, 9, 5, 0, 0, 11, 0],
      [0, 4, 5, 11, 9, 6, 0, 2, 0, 15, 12, 3, 0, 13, 7, 10],
      [12, 13, 0, 14, 2, 0, 3, 9, 5, 0, 10, 15, 6, 0, 8, 0],
      [0, 16, 9, 15, 8, 13, 0, 6, 11, 14, 3, 0, 0, 2, 10, 4],
      [0, 0, 6, 0, 7, 5, 12, 11, 16, 1, 2, 9, 0, 14, 0, 15],
      [2, 7, 3, 1, 0, 0, 15, 4, 12, 13, 0, 8, 16, 11, 0, 9],
      [0, 0, 0, 7, 0, 11, 10, 0, 9, 6, 0, 13, 2, 12, 3, 14],
      [13, 9, 16, 3, 0, 12, 0, 5, 0, 0, 7, 11, 4, 10, 15, 8],
      [1, 10, 4, 12, 13, 2, 8, 14, 3, 5, 0, 16, 0, 7, 6, 11],
      [11, 2, 14, 0, 15, 0, 0, 0, 10, 12, 8, 4, 0, 5, 0, 16],
      [9, 1, 2, 5, 0, 8, 11, 15, 0, 0, 0, 12, 10, 0, 14, 3],
      [16, 15, 0, 13, 6, 9, 4, 0, 2, 3, 14, 1, 11, 8, 12, 5],
      [0, 11, 10, 8, 14, 1, 0, 12, 15, 9, 5, 0, 0, 4, 16, 13],
      [14, 6, 12, 4, 5, 3, 0, 13, 0, 11, 16, 10, 15, 9, 0, 1]
    ],
    [
        [4, 0, 7, 9, 6, 0, 0, 8, 0, 16, 2, 10, 12, 0, 1, 0],
      [12, 3, 15, 16, 0, 2, 5, 11, 8, 0, 14, 13, 4, 0, 9, 0],
      [8, 2, 10, 0, 16, 7, 14, 13, 0, 9, 1, 12, 15, 3, 6, 11],
      [14, 13, 1, 6, 0, 12, 10, 0, 15, 3, 7, 0, 0, 16, 0, 8],
      [1, 8, 0, 0, 2, 14, 6, 3, 10, 7, 5, 16, 13, 15, 0, 4],
      [5, 16, 0, 12, 11, 4, 8, 0, 0, 15, 0, 9, 10, 0, 14, 0],
      [0, 0, 2, 15, 12, 0, 13, 5, 3, 14, 11, 4, 0, 1, 8, 16],
      [0, 0, 0, 13, 15, 16, 0, 9, 12, 0, 6, 2, 0, 5, 7, 3],
      [7, 1, 8, 2, 4, 13, 16, 14, 0, 0, 15, 5, 3, 10, 0, 6],
      [9, 6, 16, 14, 0, 3, 2, 10, 11, 0, 0, 1, 0, 12, 15, 5],
      [13, 15, 4, 0, 5, 6, 11, 0, 7, 2, 3, 0, 8, 9, 16, 1],
      [11, 12, 5, 3, 7, 0, 9, 15, 0, 10, 0, 0, 2, 4, 13, 14],
      [2, 5, 12, 0, 0, 8, 7, 1, 6, 11, 16, 15, 14, 0, 0, 9],
      [16, 9, 6, 0, 13, 11, 4, 2, 14, 0, 12, 3, 0, 8, 10, 15],
      [3, 10, 13, 0, 14, 0, 15, 6, 2, 1, 9, 7, 0, 11, 4, 12],
      [15, 14, 11, 0, 0, 9, 12, 16, 13, 0, 10, 8, 6, 0, 5, 7]
    ]
     
    ],
    "16x16 medium": [
      [
        [0, 0, 0, 12, 4, 13, 3, 11, 0, 0, 10, 0, 0, 6, 9, 0],
      [3, 0, 9, 7, 8, 15, 12, 2, 4, 14, 6, 0, 11, 10, 0, 1],
      [0, 1, 0, 11, 5, 0, 9, 0, 15, 16, 0, 0, 0, 12, 4, 13],
      [0, 4, 0, 13, 0, 16, 10, 0, 12, 11, 9, 0, 0, 0, 0, 0],
      [0, 5, 0, 6, 0, 11, 16, 0, 0, 13, 0, 0, 0, 0, 10, 0],
      [9, 0, 0, 0, 15, 0, 0, 12, 10, 1, 11, 7, 3, 0, 13, 6],
      [8, 0, 0, 10, 1, 9, 0, 5, 2, 12, 16, 6, 7, 4, 0, 11],
      [1, 0, 7, 0, 0, 0, 0, 10, 0, 0, 0, 15, 12, 9, 0, 8],
      [0, 9, 5, 15, 13, 7, 11, 16, 6, 0, 14, 4, 0, 0, 12, 0],
      [0, 12, 10, 16, 3, 0, 0, 0, 0, 0, 7, 0, 14, 0, 0, 0],
      [13, 7, 0, 3, 0, 0, 0, 14, 9, 0, 1, 16, 0, 0, 6, 4],
      [4, 14, 8, 1, 0, 5, 15, 0, 0, 10, 13, 12, 16, 0, 7, 0],
      [0, 15, 1, 5, 16, 0, 0, 8, 13, 9, 0, 0, 0, 0, 0, 0],
      [7, 6, 3, 2, 14, 0, 0, 0, 16, 4, 0, 10, 0, 8, 0, 0],
      [12, 0, 0, 0, 11, 0, 2, 13, 7, 0, 8, 14, 6, 16, 1, 0],
      [0, 13, 0, 0, 0, 4, 0, 15, 1, 6, 12, 0, 9, 0, 2, 5]
    ],
    [[4, 12, 0, 0, 1, 0, 0, 7, 0, 3, 0, 6, 0, 0, 0, 16],
    [6, 7, 2, 0, 12, 3, 11, 0, 0, 0, 9, 0, 4, 5, 8, 0],
    [10, 0, 11, 8, 0, 0, 0, 13, 7, 12, 2, 0, 14, 9, 1, 6],
    [13, 1, 9, 0, 4, 2, 0, 0, 14, 0, 0, 11, 12, 0, 7, 0],
    [0, 13, 0, 6, 3, 12, 0, 0, 5, 9, 10, 0, 0, 11, 0, 0],
    [16, 0, 15, 0, 0, 14, 1, 0, 0, 0, 8, 12, 10, 3, 4, 0],
    [5, 0, 3, 0, 11, 0, 0, 10, 0, 0, 1, 15, 16, 13, 9, 0],
    [1, 11, 0, 14, 7, 8, 0, 9, 0, 0, 0, 0, 6, 2, 0, 0],
    [0, 0, 8, 4, 0, 0, 0, 11, 0, 0, 0, 13, 0, 14, 3, 9],
    [7, 0, 0, 9, 16, 0, 3, 0, 6, 0, 14, 2, 13, 0, 5, 0],
    [14, 6, 0, 3, 10, 13, 2, 5, 9, 7, 0, 8, 15, 1, 0, 0],
    [11, 2, 0, 0, 9, 15, 14, 0, 0, 0, 16, 1, 0, 12, 6, 0],
    [0, 5, 13, 1, 0, 7, 12, 0, 4, 0, 6, 14, 9, 0, 0, 0],
    [9, 0, 16, 10, 14, 0, 6, 4, 13, 2, 0, 5, 0, 7, 0, 0],
    [0, 4, 7, 2, 15, 0, 13, 0, 0, 8, 12, 9, 0, 6, 11, 0],
    [0, 14, 0, 0, 0, 5, 9, 0, 0, 0, 7, 0, 0, 4, 13, 2]],
    [[0, 12, 15, 16, 11, 4, 0, 0, 7, 10, 13, 14, 1, 3, 0, 2],
    [0, 0, 0, 0, 3, 0, 13, 7, 6, 8, 11, 2, 5, 16, 4, 12],
    [0, 3, 13, 0, 12, 10, 0, 1, 0, 16, 9, 0, 0, 0, 0, 0],
    [0, 0, 0, 0, 9, 0, 0, 2, 0, 0, 12, 3, 0, 13, 0, 10],
    [12, 13, 0, 0, 2, 0, 3, 0, 5, 0, 0, 15, 6, 0, 8, 0],
    [0, 16, 9, 15, 8, 0, 0, 6, 11, 14, 3, 0, 0, 2, 10, 4],
    [0, 0, 0, 0, 7, 5, 12, 11, 16, 1, 2, 9, 0, 14, 0, 15],
    [2, 7, 0, 1, 0, 0, 15, 0, 0, 0, 0, 8, 0, 11, 0, 9],
    [0, 0, 0, 0, 0, 11, 0, 0, 0, 0, 0, 0, 0, 12, 3, 14],
    [0, 0, 0, 0, 0, 12, 0, 5, 0, 0, 7, 11, 4, 0, 15, 8],
    [1, 10, 4, 12, 0, 2, 8, 14, 3, 5, 0, 16, 0, 7, 6, 11],
    [11, 2, 14, 0, 15, 0, 0, 0, 10, 0, 8, 4, 0, 5, 0, 16],
    [9, 0, 2, 0, 0, 8, 0, 15, 0, 0, 0, 12, 10, 0, 14, 0],
    [0, 0, 0, 13, 6, 9, 4, 0, 2, 3, 14, 1, 11, 8, 0, 5],
    [0, 11, 10, 8, 0, 1, 0, 12, 0, 9, 5, 0, 0, 4, 16, 0],
    [14, 6, 12, 4, 5, 3, 0, 13, 0, 11, 0, 10, 15, 9, 0, 1]
  ],
  [
      [4, 0, 0, 9, 0, 0, 0, 0, 0, 16, 2, 10, 12, 0, 0, 0],
    [12, 3, 15, 16, 0, 2, 5, 11, 0, 0, 14, 13, 4, 0, 0, 0],
    [0, 2, 10, 0, 16, 7, 0, 13, 0, 9, 1, 12, 15, 3, 6, 0],
    [14, 13, 1, 6, 0, 0, 10, 0, 15, 3, 7, 0, 0, 0, 0, 8],
    [1, 0, 0, 0, 2, 14, 6, 3, 10, 7, 5, 16, 0, 15, 0, 4],
    [0, 0, 0, 0, 11, 4, 0, 0, 0, 0, 0, 9, 10, 0, 14, 0],
    [0, 0, 2, 15, 12, 0, 0, 0, 0, 14, 11, 4, 0, 1, 8, 16],
    [0, 0, 0, 13, 15, 16, 0, 9, 12, 0, 6, 2, 0, 5, 7, 3],
    [7, 1, 8, 2, 4, 13, 16, 14, 0, 0, 0, 0, 3, 10, 0, 6],
    [9, 0, 16, 14, 0, 3, 2, 10, 11, 0, 0, 1, 0, 12, 15, 0],
    [0, 0, 4, 0, 0, 0, 11, 0, 0, 2, 0, 0, 0, 9, 0, 1],
    [11, 12, 5, 3, 7, 0, 9, 0, 0, 0, 0, 0, 0, 4, 13, 0],
    [2, 0, 0, 0, 0, 0, 0, 0, 0, 11, 16, 15, 14, 0, 0, 9],
    [16, 0, 6, 0, 13, 11, 4, 0, 0, 0, 12, 3, 0, 8, 10, 15],
    [3, 10, 13, 0, 14, 0, 15, 6, 2, 1, 9, 7, 0, 11, 4, 12],
    [15, 0, 0, 0, 0, 9, 12, 16, 13, 0, 10, 8, 6, 0, 5, 7]
  ]   
    ],
    "16x16 hard": [
    [
      [0, 0, 0, 12, 4, 13, 3, 11, 0, 0, 10, 0, 0, 6, 9, 0],
      [3, 0, 9, 7, 8, 15, 12, 2, 4, 14, 6, 0, 11, 10, 0, 1],
      [0, 1, 0, 11, 5, 0, 9, 0, 15, 16, 0, 0, 0, 12, 4, 13],
      [0, 4, 0, 13, 0, 16, 10, 0, 12, 11, 9, 0, 0, 0, 0, 0],
      [0, 5, 0, 6, 0, 11, 16, 0, 0, 13, 0, 0, 0, 0, 10, 0],
      [9, 0, 0, 0, 15, 0, 0, 12, 10, 1, 11, 7, 3, 0, 13, 6],
      [8, 0, 0, 10, 1, 9, 0, 5, 2, 12, 16, 6, 7, 4, 0, 11],
      [1, 0, 7, 0, 0, 0, 0, 10, 0, 0, 0, 15, 12, 9, 0, 8],
      [0, 9, 5, 15, 13, 7, 11, 16, 6, 0, 14, 4, 0, 0, 12, 0],
      [0, 12, 10, 16, 3, 0, 0, 0, 0, 0, 7, 0, 14, 0, 0, 0],
      [13, 7, 0, 3, 0, 0, 0, 14, 9, 0, 1, 16, 0, 0, 6, 4],
      [4, 14, 8, 1, 0, 5, 15, 0, 0, 10, 13, 12, 16, 0, 7, 0],
      [0, 15, 1, 5, 16, 0, 0, 8, 13, 9, 0, 0, 0, 0, 0, 0],
      [7, 6, 3, 2, 14, 0, 0, 0, 16, 4, 0, 10, 0, 8, 0, 0],
      [12, 0, 0, 0, 11, 0, 2, 13, 7, 0, 8, 14, 6, 16, 1, 0],
      [0, 13, 0, 0, 0, 4, 0, 15, 1, 6, 12, 0, 9, 0, 2, 5]
    ],
    [[4, 12, 0, 0, 1, 0, 0, 7, 0, 3, 0, 6, 0, 0, 0, 16],
    [6, 7, 2, 0, 12, 3, 11, 0, 0, 0, 9, 0, 4, 5, 8, 0],
    [10, 0, 11, 8, 0, 0, 0, 13, 7, 12, 2, 0, 14, 9, 1, 6],
    [13, 1, 9, 0, 4, 2, 0, 0, 14, 0, 0, 11, 12, 0, 7, 0],
    [0, 13, 0, 6, 3, 12, 0, 0, 5, 9, 10, 0, 0, 11, 0, 0],
    [16, 0, 15, 0, 0, 14, 1, 0, 0, 0, 8, 12, 10, 3, 4, 0],
    [5, 0, 3, 0, 11, 0, 0, 10, 0, 0, 1, 15, 16, 13, 9, 0],
    [1, 11, 0, 14, 7, 8, 0, 9, 0, 0, 0, 0, 6, 2, 0, 0],
    [0, 0, 8, 4, 0, 0, 0, 11, 0, 0, 0, 13, 0, 14, 3, 9],
    [7, 0, 0, 9, 16, 0, 3, 0, 6, 0, 14, 2, 13, 0, 5, 0],
    [14, 6, 0, 3, 10, 13, 2, 5, 9, 7, 0, 8, 15, 1, 0, 0],
    [11, 2, 0, 0, 9, 15, 14, 0, 0, 0, 16, 1, 0, 12, 6, 0],
    [0, 5, 13, 1, 0, 7, 12, 0, 4, 0, 6, 14, 9, 0, 0, 0],
    [9, 0, 16, 10, 14, 0, 6, 4, 13, 2, 0, 5, 0, 7, 0, 0],
    [0, 4, 7, 2, 15, 0, 13, 0, 0, 8, 12, 9, 0, 6, 11, 0],
    [0, 14, 0, 0, 0, 5, 9, 0, 0, 0, 7, 0, 0, 4, 13, 2]
    ],

    [
    [0, 12, 15, 16, 11, 4, 0, 0, 7, 10, 13, 14, 1, 3, 0, 2],
    [0, 0, 0, 0, 3, 0, 13, 7, 6, 8, 11, 2, 5, 16, 4, 12],
    [0, 3, 13, 0, 12, 10, 0, 1, 0, 16, 9, 0, 0, 0, 0, 0],
    [0, 0, 0, 0, 9, 0, 0, 2, 0, 0, 12, 3, 0, 13, 0, 10],
    [12, 13, 0, 0, 2, 0, 3, 0, 5, 0, 0, 15, 6, 0, 8, 0],
    [0, 16, 9, 15, 8, 0, 0, 6, 11, 14, 3, 0, 0, 2, 10, 4],
    [0, 0, 0, 0, 7, 5, 12, 11, 16, 1, 2, 9, 0, 14, 0, 15],
    [2, 7, 0, 1, 0, 0, 15, 0, 0, 0, 0, 8, 0, 11, 0, 9],
    [0, 0, 0, 0, 0, 11, 0, 0, 0, 0, 0, 0, 0, 12, 3, 14],
    [0, 0, 0, 0, 0, 12, 0, 5, 0, 0, 7, 11, 4, 0, 15, 8],
    [1, 10, 4, 12, 0, 2, 8, 14, 3, 5, 0, 16, 0, 7, 6, 11],
    [11, 2, 14, 0, 15, 0, 0, 0, 10, 0, 8, 4, 0, 5, 0, 16],
    [9, 0, 2, 0, 0, 8, 0, 15, 0, 0, 0, 12, 10, 0, 14, 0],
    [0, 0, 0, 13, 6, 9, 4, 0, 2, 3, 14, 1, 11, 8, 0, 5],
    [0, 11, 10, 8, 0, 1, 0, 12, 0, 9, 5, 0, 0, 4, 16, 0],
    [14, 6, 12, 4, 5, 3, 0, 13, 0, 11, 0, 10, 15, 9, 0, 1]
  ],
  [
    [4, 0, 0, 9, 0, 0, 0, 0, 0, 16, 2, 10, 12, 0, 0, 0],
    [12, 3, 15, 16, 0, 2, 5, 11, 0, 0, 14, 13, 4, 0, 0, 0],
    [0, 2, 10, 0, 16, 7, 0, 13, 0, 9, 1, 12, 15, 3, 6, 0],
    [14, 13, 1, 6, 0, 0, 10, 0, 15, 3, 7, 0, 0, 0, 0, 8],
    [1, 0, 0, 0, 2, 14, 6, 3, 10, 7, 5, 16, 0, 15, 0, 4],
    [0, 0, 0, 0, 11, 4, 0, 0, 0, 0, 0, 9, 10, 0, 14, 0],
    [0, 0, 2, 15, 12, 0, 0, 0, 0, 14, 11, 4, 0, 1, 8, 16],
    [0, 0, 0, 13, 15, 16, 0, 9, 12, 0, 6, 2, 0, 5, 7, 3],
    [7, 1, 8, 2, 4, 13, 16, 14, 0, 0, 0, 0, 3, 10, 0, 6],
    [9, 0, 16, 14, 0, 3, 2, 10, 11, 0, 0, 1, 0, 12, 15, 0],
    [0, 0, 4, 0, 0, 0, 11, 0, 0, 2, 0, 0, 0, 9, 0, 1],
    [11, 12, 5, 3, 7, 0, 9, 0, 0, 0, 0, 0, 0, 4, 13, 0],
    [2, 0, 0, 0, 0, 0, 0, 0, 0, 11, 16, 15, 14, 0, 0, 9],
    [16, 0, 6, 0, 13, 11, 4, 0, 0, 0, 12, 3, 0, 8, 10, 15],
    [3, 10, 13, 0, 14, 0, 15, 6, 2, 1, 9, 7, 0, 11, 4, 12],
    [15, 0, 0, 0, 0, 9, 12, 16, 13, 0, 10, 8, 6, 0, 5, 7]
  ]
    ]
  },
  "25x25": {
    "25x25 easy": [
      [
        [14, 4, 0, 20, 25, 1, 24, 17, 8, 19, 0, 10, 12, 6, 11, 23, 21, 7, 13, 22, 16, 2, 18, 9, 0],
        [5, 0, 2, 18, 0, 14, 4, 3, 20, 25, 1, 24, 17, 0, 19, 15, 10, 12, 0, 0, 23, 0, 7, 13, 22],
        [0, 23, 21, 7, 0, 5, 0, 0, 18, 9, 0, 4, 0, 20, 0, 0, 0, 17, 8, 19, 15, 10, 12, 6, 0],
        [11, 15, 10, 12, 6, 22, 23, 21, 0, 0, 5, 0, 2, 0, 9, 14, 0, 3, 20, 25, 1, 24, 0, 8, 0],
        [0, 1, 24, 17, 0, 11, 15, 10, 0, 6, 0, 23, 21, 7, 0, 5, 16, 2, 18, 9, 0, 0, 3, 0, 0],
        [25, 0, 4, 3, 20, 19, 1, 24, 17, 8, 11, 0, 0, 12, 6, 0, 23, 0, 7, 13, 0, 0, 0, 18, 9],
        [9, 5, 0, 2, 18, 0, 14, 4, 0, 20, 0, 1, 24, 17, 8, 0, 15, 10, 12, 0, 22, 0, 21, 7, 13],
        [13, 0, 23, 21, 7, 9, 5, 0, 2, 18, 25, 14, 4, 3, 20, 0, 1, 24, 0, 8, 11, 15, 10, 12, 0],
        [0, 0, 15, 10, 12, 13, 22, 23, 21, 0, 0, 0, 0, 2, 18, 25, 14, 4, 3, 20, 0, 1, 0, 17, 8],
        [8, 19, 1, 24, 17, 6, 0, 15, 10, 12, 13, 22, 23, 21, 7, 9, 5, 16, 2, 18, 25, 0, 4, 0, 20],
        [20, 25, 0, 0, 3, 0, 19, 1, 24, 17, 6, 0, 15, 0, 12, 13, 0, 23, 21, 7, 0, 5, 16, 2, 18],
        [18, 9, 5, 16, 0, 20, 0, 14, 0, 3, 0, 19, 0, 0, 17, 0, 11, 15, 10, 12, 0, 0, 23, 21, 0],
        [0, 13, 22, 0, 21, 0, 9, 5, 0, 0, 20, 0, 14, 4, 3, 8, 19, 0, 24, 0, 6, 11, 15, 10, 12],
        [12, 0, 11, 15, 10, 7, 13, 22, 23, 21, 18, 9, 5, 0, 0, 20, 25, 0, 4, 3, 8, 19, 1, 24, 17],
        [17, 8, 19, 1, 0, 12, 6, 11, 15, 0, 0, 13, 22, 0, 21, 0, 0, 5, 16, 2, 20, 25, 14, 0, 0],
        [0, 0, 25, 14, 4, 17, 8, 0, 1, 24, 12, 0, 11, 15, 10, 7, 0, 22, 23, 21, 18, 9, 5, 16, 2],
        [2, 18, 9, 5, 0, 3, 20, 25, 14, 4, 17, 8, 19, 1, 24, 12, 0, 0, 15, 10, 0, 13, 22, 23, 21],
        [0, 0, 13, 22, 23, 2, 0, 0, 5, 16, 3, 20, 25, 0, 4, 17, 8, 19, 1, 0, 12, 6, 11, 15, 10],
        [10, 0, 0, 11, 15, 21, 7, 13, 22, 23, 2, 18, 9, 5, 16, 0, 20, 25, 14, 0, 17, 8, 19, 1, 24],
        [0, 17, 8, 19, 1, 0, 12, 6, 11, 15, 21, 7, 13, 0, 23, 2, 0, 9, 5, 16, 3, 0, 25, 0, 4],
        [4, 3, 0, 25, 14, 0, 17, 8, 19, 1, 0, 0, 6, 11, 15, 21, 7, 13, 22, 23, 0, 18, 9, 0, 16],
        [16, 2, 18, 0, 0, 4, 3, 20, 25, 0, 24, 17, 8, 19, 1, 0, 12, 6, 11, 15, 0, 7, 13, 22, 23],
        [0, 21, 7, 13, 22, 16, 0, 18, 0, 0, 0, 0, 20, 25, 14, 0, 17, 0, 19, 0, 10, 12, 6, 0, 15],
        [0, 10, 12, 6, 11, 23, 21, 7, 13, 22, 0, 2, 18, 9, 5, 4, 0, 20, 25, 14, 0, 17, 8, 19, 1],
        [1, 24, 17, 8, 19, 15, 10, 12, 6, 11, 23, 0, 7, 0, 0, 16, 2, 18, 9, 5, 4, 3, 20, 25, 14]        
      ],
      [
        [8, 9, 5, 16, 0, 19, 0, 0, 24, 11, 14, 2, 12, 18, 20, 10, 4, 1, 0, 0, 21, 13, 25, 6, 23],
        [0, 21, 0, 0, 6, 0, 9, 5, 16, 0, 19, 14, 15, 24, 11, 0, 2, 12, 18, 0, 0, 4, 0, 3, 0],
        [0, 10, 0, 1, 3, 23, 0, 0, 0, 6, 8, 9, 5, 16, 7, 19, 17, 15, 24, 11, 0, 0, 12, 18, 20],
        [0, 0, 0, 0, 18, 22, 10, 4, 1, 0, 23, 21, 13, 25, 0, 8, 0, 5, 0, 0, 0, 17, 15, 24, 11],
        [0, 19, 17, 15, 24, 0, 14, 2, 12, 18, 22, 10, 0, 1, 0, 23, 21, 0, 0, 6, 8, 0, 5, 16, 0],
        [7, 8, 9, 5, 0, 0, 19, 0, 15, 24, 0, 14, 2, 0, 18, 22, 0, 0, 1, 3, 23, 0, 13, 25, 6],
        [0, 23, 21, 13, 0, 7, 0, 0, 5, 16, 11, 19, 0, 15, 24, 0, 14, 2, 12, 18, 22, 10, 4, 1, 3],
        [3, 22, 10, 4, 1, 0, 23, 21, 13, 25, 7, 8, 9, 5, 16, 11, 19, 17, 15, 0, 0, 14, 0, 12, 15],
        [18, 20, 14, 2, 12, 3, 22, 10, 4, 1, 6, 23, 21, 13, 0, 7, 8, 0, 0, 16, 11, 0, 17, 15, 24],
        [24, 11, 19, 17, 15, 0, 20, 14, 2, 0, 3, 22, 0, 4, 1, 6, 0, 0, 13, 25, 7, 8, 9, 0, 16],
        [0, 7, 8, 0, 0, 24, 11, 0, 17, 15, 18, 20, 0, 2, 12, 3, 22, 0, 4, 1, 6, 23, 21, 13, 25],
        [25, 0, 0, 21, 13, 0, 7, 8, 9, 5, 24, 0, 19, 17, 15, 18, 0, 14, 2, 12, 0, 22, 10, 4, 1],
        [0, 3, 22, 10, 4, 0, 0, 23, 21, 13, 16, 0, 8, 9, 5, 0, 0, 0, 17, 15, 18, 20, 14, 2, 12],
        [0, 18, 20, 14, 2, 0, 3, 22, 10, 4, 25, 6, 23, 21, 13, 16, 7, 8, 9, 5, 24, 11, 19, 17, 15],
        [0, 24, 11, 0, 0, 12, 18, 20, 14, 2, 0, 3, 0, 10, 4, 25, 6, 0, 21, 13, 16, 7, 0, 9, 5],
        [5, 0, 7, 8, 9, 15, 24, 11, 0, 17, 0, 0, 0, 14, 2, 0, 3, 22, 10, 4, 25, 6, 23, 0, 13],
        [13, 25, 6, 23, 21, 5, 16, 0, 8, 9, 15, 24, 0, 19, 17, 12, 18, 20, 14, 2, 1, 3, 0, 10, 4],
        [0, 0, 3, 22, 10, 13, 25, 6, 23, 21, 0, 0, 7, 8, 9, 15, 0, 0, 19, 0, 12, 18, 0, 14, 0],
        [2, 12, 18, 20, 14, 0, 0, 3, 22, 10, 13, 25, 6, 23, 0, 5, 16, 0, 0, 9, 15, 24, 0, 19, 17],
        [17, 0, 0, 11, 19, 0, 12, 18, 0, 0, 4, 1, 3, 22, 10, 0, 25, 0, 23, 0, 5, 16, 7, 0, 9],
        [9, 5, 16, 7, 8, 17, 0, 0, 0, 19, 2, 12, 18, 20, 14, 4, 1, 3, 22, 10, 13, 25, 0, 23, 21],
        [ 21, 13, 25, 6, 23, 0, 0, 16, 7, 8, 0, 15, 24, 0, 0, 0, 0, 18, 20, 0, 4, 1, 3, 22, 10],
        [10, 4, 1, 3, 22, 21, 13, 25, 0, 23, 0, 5, 16, 7, 0, 17, 15, 24, 11, 19, 2, 12, 0, 20, 14],
        [14, 2, 12, 18, 20, 10, 4, 1, 3, 22, 0, 13, 0, 6, 23, 9, 5, 0, 7, 8, 17, 15, 24, 11, 19],
        [19, 17, 0, 24, 0, 14, 2, 12, 18, 0, 10, 4, 1, 3, 22, 21, 0, 0, 6, 23, 9, 0, 16, 7, 0]        
      ],
      [
        [10, 0, 5, 14, 21, 0, 18, 19, 0, 15, 25, 8, 0, 0, 17, 7, 12, 0, 0, 0, 6, 0, 3, 13, 4],
        [4, 0, 24, 3, 13, 0, 0, 5, 14, 21, 16, 18, 19, 20, 15, 25, 8, 2, 9, 17, 7, 12, 23, 0, 0],
        [22, 7, 0, 23, 11, 4, 6, 24, 3, 13, 10, 1, 0, 0, 21, 16, 18, 19, 20, 15, 0, 8, 2, 9, 17],
        [17, 25, 8, 2, 0, 22, 7, 12, 23, 11, 4, 6, 24, 0, 13, 0, 1, 5, 14, 0, 0, 18, 0, 0, 15],
        [0, 16, 0, 19, 20, 0, 0, 8, 2, 0, 22, 7, 12, 23, 11, 4, 6, 24, 3, 0, 10, 0, 5, 0, 0],
        [0, 10, 1, 5, 14, 15, 16, 18, 0, 20, 17, 25, 8, 2, 9, 22, 7, 0, 0, 11, 0, 6, 24, 3, 13],
        [0, 4, 6, 24, 3, 21, 10, 1, 5, 14, 15, 16, 18, 0, 20, 17, 0, 8, 2, 9, 22, 7, 12, 23, 0],
        [11, 22, 7, 0, 23, 13, 4, 6, 0, 0, 21, 10, 0, 5, 14, 15, 16, 18, 0, 20, 17, 25, 8, 2, 9],
        [9, 17, 0, 8, 2, 11, 22, 0, 0, 23, 0, 4, 6, 24, 3, 21, 10, 1, 5, 14, 15, 16, 18, 19, 0],
        [0, 0, 0, 18, 19, 0, 17, 25, 8, 2, 11, 22, 7, 0, 0, 13, 0, 6, 24, 3, 21, 10, 1, 5, 14],
        [0, 21, 0, 1, 5, 20, 15, 16, 0, 19, 9, 17, 0, 8, 2, 11, 0, 7, 12, 23, 13, 0, 6, 24, 3],
        [3, 13, 4, 0, 24, 0, 21, 10, 1, 5, 20, 0, 16, 18, 19, 9, 0, 0, 0, 0, 11, 22, 0, 0, 23],
        [23, 11, 0, 0, 12, 3, 13, 4, 6, 24, 0, 21, 10, 1, 5, 20, 0, 16, 18, 19, 9, 17, 0, 8, 2],
        [2, 9, 17, 25, 0, 23, 0, 0, 7, 12, 0, 13, 4, 6, 24, 0, 0, 10, 1, 5, 20, 15, 0, 18, 0],
        [19, 20, 15, 16, 0, 2, 9, 17, 25, 0, 23, 11, 0, 0, 12, 3, 13, 4, 6, 24, 14, 21, 0, 1, 5],
        [0, 14, 21, 10, 1, 0, 20, 15, 16, 0, 2, 9, 17, 0, 8, 0, 11, 22, 0, 12, 3, 13, 0, 6, 0],
        [24, 0, 13, 4, 6, 5, 14, 21, 0, 1, 0, 20, 15, 0, 0, 2, 9, 17, 25, 0, 23, 0, 22, 7, 12],
        [12, 0, 11, 22, 7, 0, 3, 13, 4, 6, 5, 0, 21, 0, 1, 0, 0, 15, 0, 18, 2, 9, 17, 0, 8],
        [8, 2, 9, 17, 0, 12, 23, 0, 22, 0, 24, 3, 0, 0, 6, 5, 14, 21, 10, 1, 0, 20, 15, 0, 18],
        [18, 0, 20, 15, 0, 0, 2, 9, 17, 25, 12, 23, 11, 0, 0, 24, 0, 13, 4, 6, 0, 14, 21, 10, 1],
        [1, 5, 0, 21, 10, 18, 19, 20, 0, 16, 8, 2, 9, 17, 25, 12, 23, 11, 22, 7, 0, 0, 13, 0, 6],
        [6, 0, 3, 13, 0, 1, 5, 14, 21, 0, 0, 19, 20, 15, 16, 8, 2, 0, 17, 25, 12, 0, 11, 22, 7],
        [7, 0, 0, 11, 22, 6, 24, 3, 0, 4, 1, 0, 14, 21, 10, 18, 0, 20, 0, 16, 8, 2, 9, 17, 25],
        [25, 0, 2, 9, 17, 0, 12, 23, 0, 22, 6, 24, 0, 13, 4, 1, 0, 14, 21, 10, 18, 19, 20, 15, 0],
        [16, 18, 19, 20, 15, 25, 8, 2, 9, 17, 7, 0, 23, 0, 22, 6, 24, 3, 13, 4, 0, 5, 14, 21, 10]        
      ],
      [
        [15, 13, 8, 12, 2, 21, 9, 0, 10, 6, 4, 0, 0, 0, 19, 11, 18, 25, 0, 20, 17, 0, 0, 0, 0],
        [5, 17, 14, 22, 1, 15, 0, 8, 12, 0, 21, 9, 16, 0, 0, 0, 0, 0, 0, 19, 11, 18, 25, 23, 20],
        [20, 11, 18, 25, 0, 0, 0, 14, 22, 1, 15, 0, 0, 12, 0, 0, 9, 16, 10, 6, 0, 3, 7, 24, 19],
        [19, 4, 3, 7, 24, 20, 11, 18, 25, 23, 0, 17, 14, 22, 1, 0, 13, 8, 12, 2, 21, 9, 16, 0, 0],
        [6, 21, 9, 0, 10, 0, 4, 0, 7, 24, 20, 11, 18, 25, 23, 5, 17, 0, 22, 0, 15, 13, 0, 12, 2],
        [0, 15, 13, 0, 12, 0, 21, 9, 16, 0, 19, 4, 0, 7, 24, 0, 11, 18, 25, 23, 5, 17, 0, 22, 0],
        [1, 5, 17, 14, 22, 2, 15, 13, 8, 12, 6, 54, 0, 16, 10, 19, 4, 3, 0, 24, 20, 11, 18, 25, 23],
        [23, 0, 0, 0, 25, 0, 5, 17, 14, 22, 2, 15, 13, 8, 12, 0, 21, 9, 16, 10, 19, 0, 3, 7, 24],
        [24, 19, 4, 3, 7, 23, 0, 11, 18, 25, 1, 5, 17, 0, 22, 0, 0, 13, 8, 12, 6, 0, 9, 16, 10],
        [10, 6, 21, 0, 16, 24, 0, 0, 3, 7, 23, 20, 11, 18, 25, 1, 5, 17, 14, 0, 2, 15, 13, 8, 0],
        [12, 2, 15, 0, 0, 0, 6, 21, 9, 16, 24, 19, 4, 3, 7, 0, 0, 11, 18, 0, 1, 5, 17, 14, 22],
        [0, 1, 0, 17, 14, 12, 2, 0, 13, 8, 10, 6, 21, 9, 16, 24, 19, 0, 3, 7, 0, 20, 0, 18, 0],
        [25, 0, 20, 11, 0, 0, 1, 5, 17, 14, 0, 2, 15, 0, 0, 0, 0, 21, 0, 0, 24, 0, 4, 3, 0],
        [7, 24, 19, 4, 3, 25, 23, 20, 11, 0, 0, 1, 5, 17, 14, 12, 2, 15, 13, 8, 10, 6, 21, 9, 0],
        [16, 10, 0, 21, 9, 7, 24, 0, 4, 3, 0, 23, 20, 11, 18, 22, 1, 0, 0, 14, 12, 2, 0, 13, 0],
        [0, 12, 2, 15, 0, 16, 10, 0, 21, 9, 0, 24, 19, 0, 0, 25, 23, 0, 11, 18, 0, 0, 5, 17, 0],
        [14, 22, 1, 5, 17, 8, 12, 2, 15, 13, 16, 0, 6, 21, 9, 7, 24, 0, 4, 3, 25, 23, 20, 11, 0],
        [0, 25, 0, 20, 11, 14, 22, 1, 0, 0, 8, 0, 2, 0, 13, 16, 10, 6, 21, 9, 7, 0, 19, 4, 3],
        [3, 7, 24, 19, 4, 18, 25, 23, 20, 11, 14, 22, 1, 5, 17, 8, 0, 2, 15, 13, 16, 10, 6, 21, 9],
        [0, 16, 10, 0, 0, 3, 7, 24, 0, 4, 0, 25, 23, 20, 11, 0, 0, 1, 5, 0, 8, 0, 0, 15, 13],
        [13, 8, 12, 0, 0, 9, 16, 10, 6, 21, 3, 7, 24, 19, 0, 18, 25, 23, 20, 11, 14, 22, 1, 5, 17],
        [17, 0, 0, 1, 5, 0, 0, 12, 2, 15, 0, 16, 0, 6, 21, 3, 7, 0, 19, 4, 18, 0, 0, 20, 11],
        [11, 18, 0, 0, 20, 17, 14, 22, 0, 5, 13, 8, 12, 2, 15, 9, 16, 0, 6, 21, 0, 7, 24, 19, 4],
        [4, 3, 0, 24, 19, 11, 18, 25, 23, 20, 17, 14, 22, 0, 0, 0, 8, 0, 0, 15, 9, 0, 10, 0, 21],
        [21, 0, 16, 10, 6, 4, 3, 7, 24, 0, 11, 18, 25, 23, 20, 0, 14, 22, 1, 5, 13, 8, 12, 0, 15]        
      ]
    ],
    "25x25 medium": [
      [
        [14, 4, 0, 20, 25, 1, 24, 17, 8, 0, 0, 10, 12, 6, 0, 23, 21, 0, 13, 22, 0, 2, 18, 9, 0],
        [5, 0, 2, 18, 0, 0, 4, 0, 0, 25, 1, 24, 17, 0, 0, 15, 0, 12, 0, 0, 23, 0, 7, 13, 22],
        [0, 23, 21, 7, 0, 0, 0, 0, 18, 9, 0, 4, 0, 20, 0, 0, 0, 17, 8, 0, 0, 10, 12, 0, 0],
        [0, 15, 0, 12, 6, 0, 0, 21, 0, 0, 5, 0, 0, 0, 9, 14, 0, 3, 20, 25, 0, 24, 0, 0, 0],
        [0, 1, 24, 17, 0, 11, 15, 10, 0, 6, 0, 23, 21, 7, 0, 5, 16, 0, 0, 9, 0, 0, 3, 0, 0],
        [25, 0, 4, 3, 20, 19, 1, 24, 17, 0, 11, 0, 0, 12, 6, 0, 0, 0, 7, 0, 0, 0, 0, 18, 9],
        [9, 5, 0, 2, 18, 0, 14, 0, 0, 0, 0, 1, 24, 0, 0, 0, 15, 10, 12, 0, 22, 0, 0, 7, 13],
        [13, 0, 23, 21, 7, 9, 5, 0, 0, 18, 0, 14, 0, 3, 20, 0, 0, 24, 0, 8, 11, 15, 10, 0, 0],
        [0, 0, 0, 0, 12, 13, 22, 23, 21, 0, 0, 0, 0, 2, 18, 25, 0, 4, 3, 0, 0, 1, 0, 0, 8],
        [8, 19, 1, 24, 0, 0, 0, 15, 10, 12, 13, 22, 23, 21, 7, 0, 5, 16, 2, 0, 25, 0, 4, 0, 20],
        [20, 0, 0, 0, 0, 0, 19, 0, 24, 0, 6, 0, 15, 0, 0, 13, 0, 23, 21, 7, 0, 5, 16, 2, 18],
        [0, 0, 5, 16, 0, 20, 0, 14, 0, 0, 0, 0, 0, 0, 17, 0, 11, 15, 10, 12, 0, 0, 23, 21, 0],
        [0, 13, 0, 0, 21, 0, 9, 5, 0, 0, 0, 0, 0, 4, 3, 0, 19, 0, 24, 0, 6, 11, 15, 10, 12],
        [0, 0, 0, 0, 10, 0, 13, 0, 23, 0, 18, 9, 5, 0, 0, 20, 25, 0, 4, 3, 8, 19, 1, 24, 17],
        [17, 8, 0, 1, 0, 0, 0, 11, 15, 0, 0, 13, 22, 0, 21, 0, 0, 5, 16, 0, 20, 25, 14, 0, 0],
        [0, 0, 25, 0, 4, 17, 8, 0, 0, 24, 12, 0, 11, 0, 10, 7, 0, 0, 23, 21, 18, 0, 0, 16, 2],
        [2, 18, 9, 5, 0, 3, 20, 0, 0, 0, 0, 8, 0, 0, 0, 12, 0, 0, 15, 10, 0, 13, 22, 23, 21],
        [0, 0, 13, 22, 23, 2, 0, 0, 5, 16, 0, 0, 25, 0, 0, 17, 0, 0, 1, 0, 12, 0, 11, 15, 0],
        [10, 0, 0, 11, 15, 0, 7, 13, 22, 23, 2, 0, 9, 5, 0, 0, 20, 25, 14, 0, 17, 8, 19, 1, 24],
        [0, 17, 8, 19, 1, 0, 12, 6, 11, 15, 21, 7, 13, 0, 23, 0, 0, 9, 0, 16, 0, 0, 25, 0, 4],
        [4, 3, 0, 25, 14, 0, 17, 8, 19, 1, 0, 0, 6, 11, 15, 21, 7, 13, 22, 23, 0, 18, 9, 0, 16],
        [16, 2, 18, 0, 0, 4, 3, 0, 25, 0, 24, 17, 0, 19, 1, 0, 0, 6, 0, 15, 0, 7, 0, 22, 23],
        [0, 0, 7, 0, 22, 16, 0, 18, 0, 0, 0, 0, 20, 25, 14, 0, 0, 0, 19, 0, 0, 0, 0, 0, 0],
        [0, 0, 12, 6, 11, 23, 21, 0, 13, 0, 0, 0, 18, 9, 5, 0, 0, 20, 0, 14, 0, 0, 8, 0, 1],
        [1, 0, 17, 8, 19, 15, 10, 12, 6, 11, 23, 0, 7, 0, 0, 16, 0, 18, 9, 0, 0, 3, 20, 25, 14]       
      ],
      [
        [8, 9, 5, 16, 0, 19, 0, 0, 24, 11, 0, 0, 12, 18, 0, 10, 4, 1, 0, 0, 21, 0, 0, 0, 23],
        [0, 21, 0, 0, 0, 0, 9, 0, 16, 0, 0, 0, 0, 24, 0, 0, 2, 12, 0, 0, 0, 4, 0, 3, 0],
        [0, 0, 0, 1, 3, 0, 0, 0, 0, 0, 8, 0, 5, 0, 7, 19, 0, 15, 24, 0, 0, 0, 12, 18, 20],
        [0, 0, 0, 0, 18, 22, 10, 0, 0, 0, 23, 0, 13, 25, 0, 8, 0, 0, 0, 0, 0, 17, 15, 24, 11],
        [0, 19, 17, 15, 24, 0, 14, 2, 12, 18, 0, 10, 0, 1, 0, 23, 21, 0, 0, 6, 0, 0, 0, 16, 0],
        [0, 8, 9, 5, 0, 0, 19, 0, 15, 24, 0, 14, 2, 0, 18, 0, 0, 0, 1, 0, 0, 0, 13, 25, 0],
        [0, 23, 0, 0, 0, 7, 0, 0, 5, 16, 11, 19, 0, 0, 24, 0, 14, 2, 12, 18, 22, 10, 4, 1, 3],
        [3, 22, 10, 4, 1, 0, 23, 21, 13, 25, 7, 0, 9, 0, 16, 11, 19, 17, 15, 0, 0, 14, 0, 12, 15],
        [0, 20, 14, 2, 12, 3, 22, 10, 0, 1, 6, 23, 0, 13, 0, 0, 8, 0, 0, 0, 11, 0, 17, 15, 24],
        [24, 0, 0, 17, 15, 0, 20, 14, 0, 0, 3, 0, 0, 4, 1, 0, 0, 0, 13, 25, 0, 8, 9, 0, 16],
        [0, 7, 0, 0, 0, 0, 11, 0, 17, 15, 18, 20, 0, 0, 12, 0, 0, 0, 4, 0, 0, 0, 0, 13, 25],
        [0, 0, 0, 21, 13, 0, 7, 8, 9, 0, 24, 0, 0, 0, 15, 18, 0, 14, 2, 0, 0, 0, 10, 0, 1],
        [0, 3, 0, 10, 4, 0, 0, 23, 21, 13, 16, 0, 8, 0, 5, 0, 0, 0, 0, 15, 18, 20, 0, 2, 12],
        [0, 18, 20, 14, 0, 0, 3, 22, 0, 4, 25, 6, 23, 0, 13, 0, 7, 0, 9, 5, 24, 11, 0, 17, 0],
        [0, 0, 11, 0, 0, 12, 18, 20, 14, 2, 0, 0, 0, 10, 0, 25, 6, 0, 21, 0, 16, 7, 0, 9, 0],
        [5, 0, 0, 8, 9, 15, 0, 11, 0, 0, 0, 0, 0, 14, 2, 0, 3, 22, 10, 0, 25, 6, 0, 0, 13],
        [13, 25, 6, 23, 21, 0, 16, 0, 8, 9, 15, 24, 0, 19, 17, 12, 18, 20, 14, 2, 1, 0, 0, 10, 4],
        [0, 0, 3, 22, 10, 0, 25, 0, 23, 21, 0, 0, 7, 8, 9, 0, 0, 0, 19, 0, 12, 0, 0, 0, 0],
        [2, 12, 18, 0, 14, 0, 0, 3, 22, 10, 13, 0, 6, 23, 0, 5, 16, 0, 0, 9, 15, 24, 0, 19, 0],
        [17, 0, 0, 11, 19, 0, 12, 0, 0, 0, 0, 0, 3, 22, 0, 0, 25, 0, 23, 0, 5, 16, 7, 0, 9],
        [9, 5, 0, 7, 0, 17, 0, 0, 0, 19, 0, 12, 18, 20, 14, 4, 0, 3, 22, 10, 13, 25, 0, 23, 0],
        [21, 13, 25, 6, 23, 0, 0, 16, 0, 8, 0, 15, 24, 0, 0, 0, 0, 18, 20, 0, 4, 1, 3, 22, 10],
        [10, 4, 1, 0, 0, 21, 13, 25, 0, 23, 0, 5, 16, 7, 0, 17, 15, 24, 0, 19, 2, 12, 0, 20, 14],
        [14, 2, 12, 0, 20, 10, 4, 0, 3, 22, 0, 13, 0, 6, 23, 9, 5, 0, 7, 8, 0, 15, 24, 11, 0],
        [0, 17, 0, 24, 0, 14, 2, 12, 18, 0, 10, 0, 0, 3, 22, 21, 0, 0, 6, 0, 9, 0, 0, 7, 0]
      ],
      [
        [0, 0, 5, 0, 0, 0, 18, 0, 0, 15, 0, 8, 0, 0, 17, 0, 12, 0, 0, 0, 6, 0, 3, 0, 4],
        [4, 0, 0, 0, 13, 0, 0, 0, 14, 0, 16, 0, 19, 0, 15, 0, 8, 0, 9, 0, 7, 0, 23, 0, 0],
        [22, 0, 0, 23, 0, 4, 0, 24, 0, 13, 0, 1, 0, 0, 0, 0, 18, 0, 20, 0, 0, 8, 0, 9, 0],
        [0, 0, 8, 0, 0, 0, 7, 0, 23, 0, 4, 0, 24, 0, 13, 0, 1, 0, 14, 0, 0, 18, 0, 0, 15],
        [0, 16, 0, 19, 0, 0, 0, 8, 0, 0, 0, 7, 0, 23, 0, 4, 0, 24, 0, 0, 10, 0, 5, 0, 0],
        [0, 10, 0, 5, 0, 15, 0, 18, 0, 0, 17, 0, 8, 0, 9, 0, 7, 0, 0, 11, 0, 6, 0, 3, 0],
        [0, 4, 0, 24, 0, 21, 0, 1, 0, 14, 0, 16, 0, 0, 20, 0, 0, 8, 0, 9, 0, 7, 0, 23, 0],
        [0, 22, 0, 0, 23, 0, 4, 0, 0, 0, 21, 0, 0, 0, 14, 0, 16, 0, 0, 20, 0, 25, 0, 2, 0],
        [0, 17, 0, 8, 0, 11, 0, 0, 0, 23, 0, 4, 0, 24, 0, 21, 0, 1, 0, 14, 0, 16, 0, 19, 0],
        [0, 0, 0, 18, 0, 0, 0, 25, 0, 2, 0, 22, 0, 0, 0, 13, 0, 0, 24, 0, 21, 0, 1, 0, 14],
        [0, 21, 0, 1, 0, 20, 15, 16, 0, 19, 9, 17, 0, 8, 2, 11, 0, 7, 12, 23, 13, 0, 6, 24, 3],
        [0, 13, 0, 0, 24, 0, 0, 10, 0, 5, 0, 0, 16, 0, 19, 0, 0, 0, 0, 0, 11, 0, 0, 0, 23],
        [23, 0, 0, 0, 12, 0, 13, 0, 0, 0, 0, 0, 10, 0, 5, 0, 0, 0, 18, 0, 0, 17, 0, 0, 2],
        [2, 9, 17, 25, 0, 23, 0, 0, 7, 12, 0, 13, 4, 6, 24, 0, 0, 10, 1, 5, 20, 15, 0, 18, 0],
        [19, 0, 15, 16, 0, 2, 9, 17, 25, 0, 23, 11, 0, 0, 12, 3, 0, 4, 6, 24, 14, 21, 0, 1, 5],
        [0, 14, 0, 10, 1, 0, 20, 15, 16, 0, 2, 9, 17, 0, 8, 0, 11, 22, 0, 12, 3, 13, 0, 6, 0],
        [0, 0, 13, 4, 6, 5, 14, 21, 0, 1, 0, 20, 15, 0, 0, 2, 9, 0, 25, 0, 23, 0, 22, 7, 12],
        [12, 0, 11, 0, 7, 0, 3, 13, 4, 6, 5, 0, 21, 0, 1, 0, 0, 15, 0, 18, 2, 9, 17, 0, 8],
        [0, 2, 9, 17, 0, 12, 23, 0, 22, 0, 24, 3, 0, 0, 6, 5, 14, 0, 10, 1, 0, 20, 0, 0, 18],
        [18, 0, 20, 15, 0, 0, 2, 9, 17, 25, 12, 23, 11, 0, 0, 24, 0, 0, 4, 6, 0, 14, 0, 10, 1],
        [0, 5, 0, 21, 0, 18, 19, 20, 0, 16, 8, 2, 9, 17, 25, 12, 23, 0, 0, 7, 0, 0, 13, 0, 6],
        [6, 0, 3, 0, 0, 1, 5, 14, 21, 0, 0, 19, 20, 15, 16, 8, 2, 0, 17, 25, 12, 0, 11, 0, 7],
        [0, 0, 0, 11, 22, 6, 24, 3, 0, 4, 1, 0, 14, 21, 10, 18, 0, 20, 0, 16, 0, 2, 0, 17, 0],
        [25, 0, 2, 9, 17, 0, 12, 23, 0, 22, 6, 24, 0, 13, 4, 1, 0, 14, 0, 10, 0, 19, 0, 15, 0],
        [0, 18, 0, 20, 0, 25, 0, 2, 0, 17, 0, 0, 23, 0, 22, 0, 24, 0, 13, 0, 0, 0, 14, 0, 10]        
      ],
      [
        [0, 13, 8, 12, 2, 21, 9, 0, 10, 6, 4, 0, 0, 0, 19, 0, 18, 0, 0, 20, 17, 0, 0, 0, 0],
        [0, 17, 0, 22, 0, 15, 0, 8, 12, 0, 21, 0, 16, 0, 0, 0, 0, 0, 0, 0, 11, 0, 25, 0, 20],
        [0, 11, 0, 25, 0, 0, 0, 14, 0, 1, 15, 0, 0, 12, 0, 0, 9, 0, 10, 6, 0, 3, 0, 24, 0],
        [19, 4, 3, 7, 24, 20, 11, 18, 25, 23, 0, 17, 14, 22, 1, 0, 13, 0, 12, 0, 21, 0, 16, 0, 0],
        [0, 21, 9, 0, 10, 0, 4, 0, 7, 24, 20, 11, 18, 25, 23, 5, 17, 0, 22, 0, 0, 13, 0, 12, 2],
        [0, 15, 0, 0, 12, 0, 0, 9, 0, 0, 0, 4, 0, 0, 24, 0, 11, 0, 0, 23, 0, 17, 0, 22, 0],
        [1, 0, 17, 0, 0, 2, 0, 13, 0, 12, 6, 54, 0, 16, 10, 19, 4, 3, 0, 24, 20, 11, 18, 25, 23],
        [0, 0, 0, 0, 25, 0, 5, 17, 14, 22, 2, 15, 13, 8, 12, 0, 21, 9, 16, 10, 19, 0, 3, 7, 24],
        [24, 19, 4, 3, 7, 23, 0, 11, 18, 25, 1, 5, 17, 0, 22, 0, 0, 13, 8, 12, 6, 0, 9, 16, 10],
        [0, 6, 21, 0, 16, 24, 0, 0, 3, 7, 23, 20, 11, 18, 25, 1, 5, 17, 14, 0, 2, 15, 13, 8, 0],
        [12, 2, 15, 0, 0, 0, 6, 21, 9, 16, 24, 19, 4, 3, 7, 0, 0, 11, 18, 0, 1, 5, 17, 14, 22],
        [0, 1, 0, 0, 0, 12, 0, 0, 0, 0, 10, 6, 21, 9, 16, 24, 19, 0, 3, 7, 0, 20, 0, 18, 0],
        [25, 0, 0, 11, 0, 0, 1, 0, 17, 0, 0, 2, 0, 0, 0, 0, 0, 21, 0, 0, 0, 0, 4, 3, 0],
        [0, 24, 0, 4, 0, 25, 0, 0, 0, 0, 0, 0, 5, 0, 0, 12, 0, 15, 0, 8, 10, 6, 21, 9, 0],
        [16, 0, 0, 21, 0, 7, 0, 0, 4, 0, 0, 23, 0, 0, 0, 22, 1, 0, 0, 14, 0, 2, 0, 13, 0],
        [0, 12, 0, 15, 0, 16, 10, 0, 21, 9, 0, 24, 19, 0, 0, 25, 23, 0, 0, 18, 0, 0, 5, 17, 0],
        [14, 0, 1, 0, 17, 0, 12, 0, 15, 0, 16, 0, 6, 0, 9, 0, 24, 0, 4, 0, 25, 0, 20, 11, 0],
        [0, 25, 0, 20, 0, 14, 0, 1, 0, 0, 8, 0, 2, 0, 13, 0, 10, 0, 21, 0, 7, 0, 19, 0, 3],
        [3, 7, 24, 0, 4, 0, 25, 0, 20, 0, 14, 0, 1, 0, 17, 0, 0, 2, 0, 13, 0, 10, 0, 21, 0],
        [0, 16, 10, 0, 0, 3, 7, 24, 0, 4, 0, 25, 23, 20, 11, 0, 0, 1, 5, 0, 8, 0, 0, 15, 13],
        [13, 8, 12, 0, 0, 9, 16, 10, 6, 21, 3, 7, 24, 19, 0, 0, 25, 0, 20, 0, 14, 0, 1, 0, 17],
        [0, 0, 0, 1, 5, 0, 0, 12, 0, 15, 0, 16, 0, 6, 0, 3, 7, 0, 19, 4, 18, 0, 0, 20, 11],
        [11, 18, 0, 0, 20, 0, 14, 0, 0, 5, 13, 0, 12, 0, 15, 0, 16, 0, 6, 21, 0, 7, 0, 0, 4],
        [0, 3, 0, 0, 19, 0, 18, 0, 23, 0, 17, 0, 22, 0, 0, 0, 8, 0, 0, 15, 9, 0, 10, 0, 21],
        [21, 0, 16, 0, 6, 0, 3, 0, 24, 0, 11, 0, 25, 0, 20, 0, 14, 0, 1, 0, 13, 0, 12, 0, 15]        
      ]
    ],
    "25x25 hard": [
      [
        [14, 0, 0, 20, 0, 1, 0, 17, 0, 0, 0, 10, 0, 6, 0, 23, 0, 0, 13, 0, 0, 2, 18, 0, 0],
        [5, 0, 2, 0, 0, 0, 4, 0, 0, 0, 1, 0, 17, 0, 0, 15, 0, 0, 0, 0, 0, 0, 7, 0, 22],
        [0, 23, 0, 0, 0, 0, 0, 0, 18, 9, 0, 4, 0, 0, 0, 0, 0, 17, 8, 0, 0, 0, 12, 0, 0],
        [0, 15, 0, 0, 6, 0, 0, 21, 0, 0, 5, 0, 0, 0, 9, 0, 0, 3, 0, 0, 0, 24, 0, 0, 0],
        [0, 1, 24, 0, 0, 0, 0, 10, 0, 6, 0, 0, 21, 0, 0, 5, 0, 0, 0, 9, 0, 0, 0, 0, 0],
        [25, 0, 4, 0, 20, 0, 1, 0, 17, 0, 11, 0, 0, 12, 6, 0, 0, 0, 7, 0, 0, 0, 0, 18, 9],
        [0, 5, 0, 0, 0, 0, 14, 0, 0, 0, 0, 1, 0, 0, 0, 0, 0, 10, 0, 0, 0, 0, 0, 0, 13],
        [13, 0, 0, 21, 7, 9, 5, 0, 0, 18, 0, 0, 0, 3, 20, 0, 0, 0, 0, 8, 0, 15, 0, 0, 0],
        [0, 0, 0, 0, 12, 0, 0, 0, 0, 0, 0, 0, 0, 0, 18, 0, 0, 0, 0, 0, 0, 1, 0, 0, 8],
        [0, 19, 0, 0, 0, 0, 0, 0, 10, 12, 0, 0, 0, 21, 0, 0, 5, 0, 2, 0, 0, 0, 0, 0, 20],
        [20, 0, 0, 0, 0, 0, 19, 0, 24, 0, 6, 0, 0, 0, 0, 0, 0, 23, 0, 0, 0, 5, 0, 2, 18],
        [0, 0, 0, 16, 0, 0, 0, 0, 0, 0, 0, 0, 0, 0, 0, 0, 11, 15, 0, 0, 0, 0, 0, 0, 0],
        [0, 13, 0, 0, 21, 0, 9, 5, 0, 0, 0, 0, 0, 4, 3, 0, 19, 0, 0, 0, 6, 11, 15, 10, 12],
        [0, 0, 0, 0, 10, 0, 13, 0, 23, 0, 0, 9, 5, 0, 0, 20, 25, 0, 0, 0, 8, 0, 1, 0, 0],
        [17, 0, 0, 1, 0, 0, 0, 11, 0, 0, 0, 0, 0, 0, 0, 0, 0, 5, 0, 0, 20, 25, 14, 0, 0],
        [0, 0, 0, 0, 4, 17, 8, 0, 0, 0, 0, 0, 0, 0, 0, 7, 0, 0, 0, 0, 18, 0, 0, 16, 2],
        [2, 0, 9, 0, 0, 3, 0, 0, 0, 0, 0, 8, 0, 0, 0, 12, 0, 0, 15, 10, 0, 13, 22, 23, 21],
        [0, 0, 0, 0, 23, 2, 0, 0, 5, 16, 0, 0, 0, 0, 0, 17, 0, 0, 1, 0, 12, 0, 11, 15, 0],
        [10, 0, 0, 0, 15, 0, 0, 0, 22, 0, 2, 0, 9, 5, 0, 0, 20, 0, 14, 0, 0, 0, 19, 0, 24],
        [0, 0, 8, 0, 1, 0, 12, 6, 11, 0, 21, 0, 13, 0, 0, 0, 0, 9, 0, 16, 0, 0, 25, 0, 4],
        [4, 3, 0, 25, 14, 0, 17, 8, 19, 1, 0, 0, 6, 0, 0, 21, 7, 13, 22, 0, 0, 18, 9, 0, 16],
        [16, 2, 18, 0, 0, 4, 3, 0, 25, 0, 24, 17, 0, 0, 1, 0, 0, 6, 0, 15, 0, 7, 0, 22, 0],
        [0, 0, 7, 0, 22, 16, 0, 18, 0, 0, 0, 0, 20, 0, 14, 0, 0, 0, 19, 0, 0, 0, 0, 0, 0],
        [0, 0, 12, 6, 11, 23, 21, 0, 13, 0, 0, 0, 0, 0, 5, 0, 0, 20, 0, 14, 0, 0, 8, 0, 1],
        [1, 0, 17, 0, 19, 0, 10, 0, 6, 0, 23, 0, 7, 0, 0, 16, 0, 18, 9, 0, 0, 3, 20, 0, 14]       
      ],
      [
        [8, 9, 5, 16, 0, 19, 0, 0, 24, 11, 0, 0, 12, 18, 0, 10, 4, 1, 0, 0, 21, 0, 0, 0, 23],
        [0, 21, 0, 0, 0, 0, 9, 0, 16, 0, 0, 0, 0, 24, 0, 0, 2, 12, 0, 0, 0, 4, 0, 3, 0],
        [0, 0, 0, 1, 3, 0, 0, 0, 0, 0, 8, 0, 5, 0, 7, 19, 0, 15, 24, 0, 0, 0, 12, 18, 20],
        [0, 0, 0, 0, 18, 22, 10, 0, 0, 0, 23, 0, 13, 25, 0, 8, 0, 0, 0, 0, 0, 17, 15, 24, 11],
        [0, 19, 17, 15, 24, 0, 14, 2, 12, 18, 0, 10, 0, 1, 0, 23, 21, 0, 0, 6, 0, 0, 0, 16, 0],
        [0, 8, 9, 5, 0, 0, 19, 0, 15, 24, 0, 14, 2, 0, 18, 0, 0, 0, 1, 0, 0, 0, 13, 25, 0],
        [0, 23, 0, 0, 0, 7, 0, 0, 5, 16, 11, 19, 0, 0, 24, 0, 14, 2, 12, 18, 22, 10, 4, 1, 3],
        [3, 22, 10, 4, 1, 0, 23, 21, 13, 25, 7, 0, 9, 0, 16, 11, 19, 17, 15, 0, 0, 14, 0, 12, 15],
        [0, 20, 14, 2, 12, 3, 22, 10, 0, 1, 6, 23, 0, 13, 0, 0, 8, 0, 0, 0, 11, 0, 17, 15, 24],
        [24, 0, 0, 17, 15, 0, 20, 14, 0, 0, 3, 0, 0, 4, 1, 0, 0, 0, 13, 25, 0, 8, 9, 0, 16],
        [0, 7, 0, 0, 0, 0, 11, 0, 17, 15, 18, 20, 0, 0, 12, 0, 0, 0, 4, 0, 0, 0, 0, 13, 25],
        [0, 0, 0, 21, 13, 0, 7, 8, 9, 0, 24, 0, 0, 0, 15, 18, 0, 14, 2, 0, 0, 0, 10, 0, 1],
        [0, 3, 0, 10, 4, 0, 0, 23, 21, 13, 16, 0, 8, 0, 5, 0, 0, 0, 0, 15, 18, 20, 0, 2, 12],
        [0, 18, 20, 14, 0, 0, 3, 22, 0, 4, 25, 6, 23, 0, 13, 0, 7, 0, 9, 5, 24, 11, 0, 17, 0],
        [0, 0, 11, 0, 0, 12, 18, 20, 14, 2, 0, 0, 0, 10, 0, 25, 6, 0, 21, 0, 16, 7, 0, 9, 0],
        [5, 0, 0, 8, 9, 15, 0, 11, 0, 0, 0, 0, 0, 14, 2, 0, 3, 22, 10, 0, 25, 6, 0, 0, 13],
        [13, 25, 6, 23, 21, 0, 16, 0, 8, 9, 15, 24, 0, 19, 17, 12, 18, 20, 14, 2, 1, 0, 0, 10, 4],
        [0, 0, 3, 22, 10, 0, 25, 0, 23, 21, 0, 0, 7, 8, 9, 0, 0, 0, 19, 0, 12, 0, 0, 0, 0],
        [2, 12, 18, 0, 14, 0, 0, 3, 22, 10, 13, 0, 6, 23, 0, 5, 16, 0, 0, 9, 15, 24, 0, 19, 0],
        [17, 0, 0, 11, 19, 0, 12, 0, 0, 0, 0, 0, 3, 22, 0, 0, 25, 0, 23, 0, 5, 16, 7, 0, 9],
        [9, 5, 0, 7, 0, 17, 0, 0, 0, 19, 0, 12, 18, 20, 14, 4, 0, 3, 22, 10, 13, 25, 0, 23, 0],
        [21, 13, 25, 6, 23, 0, 0, 16, 0, 8, 0, 15, 24, 0, 0, 0, 0, 18, 20, 0, 4, 1, 3, 22, 10],
        [10, 4, 1, 0, 0, 21, 13, 25, 0, 23, 0, 5, 16, 7, 0, 17, 15, 24, 0, 19, 2, 12, 0, 20, 14],
        [14, 2, 12, 0, 20, 10, 4, 0, 3, 22, 0, 13, 0, 6, 23, 9, 5, 0, 7, 8, 0, 15, 24, 11, 0],
        [0, 17, 0, 24, 0, 14, 2, 12, 18, 0, 10, 0, 0, 3, 22, 21, 0, 0, 6, 0, 9, 0, 0, 7, 0]
      ],
      [
        [0, 0, 5, 0, 0, 0, 18, 0, 0, 0, 0, 8, 0, 0, 17, 0, 12, 0, 0, 0, 6, 0, 3, 0, 4],
        [4, 0, 0, 0, 13, 0, 0, 0, 0, 0, 0, 0, 0, 0, 0, 0, 8, 0, 9, 0, 7, 0, 23, 0, 0],
        [0, 0, 0, 0, 0, 4, 0, 0, 0, 0, 0, 0, 0, 0, 0, 0, 0, 0, 0, 0, 0, 8, 0, 9, 0],
        [0, 0, 8, 0, 0, 0, 7, 0, 0, 0, 4, 0, 24, 0, 0, 0, 1, 0, 0, 0, 0, 18, 0, 0, 0],
        [0, 16, 0, 19, 0, 0, 0, 0, 0, 0, 0, 7, 0, 23, 0, 4, 0, 0, 0, 0, 10, 0, 5, 0, 0],
        [0, 0, 0, 5, 0, 0, 0, 18, 0, 0, 17, 0, 8, 0, 9, 0, 7, 0, 0, 0, 0, 6, 0, 3, 0],
        [0, 4, 0, 24, 0, 21, 0, 1, 0, 14, 0, 16, 0, 0, 0, 0, 0, 0, 0, 9, 0, 7, 0, 0, 0],
        [0, 0, 0, 0, 23, 0, 0, 0, 0, 0, 21, 0, 0, 0, 14, 0, 0, 0, 0, 0, 0, 25, 0, 2, 0],
        [0, 17, 0, 8, 0, 0, 0, 0, 0, 23, 0, 4, 0, 0, 0, 0, 0, 1, 0, 0, 0, 16, 0, 0, 0],
        [0, 0, 0, 18, 0, 0, 0, 0, 0, 0, 0, 22, 0, 0, 0, 13, 0, 0, 0, 0, 21, 0, 1, 0, 0],
        [0, 21, 0, 1, 0, 0, 0, 0, 0, 19, 9, 17, 0, 8, 0, 0, 0, 0, 12, 23, 13, 0, 6, 24, 3],
        [0, 13, 0, 0, 24, 0, 0, 10, 0, 5, 0, 0, 16, 0, 19, 0, 0, 0, 0, 0, 11, 0, 0, 0, 0],
        [23, 0, 0, 0, 12, 0, 13, 0, 0, 0, 0, 0, 10, 0, 0, 0, 0, 0, 0, 0, 0, 17, 0, 0, 2],
        [2, 0, 17, 0, 0, 23, 0, 0, 0, 12, 0, 13, 0, 6, 0, 0, 0, 10, 1, 0, 20, 0, 0, 0, 0],
        [19, 0, 15, 16, 0, 2, 9, 0, 0, 0, 0, 0, 0, 0, 0, 3, 0, 0, 6, 0, 14, 0, 0, 1, 0],
        [0, 14, 0, 10, 1, 0, 0, 0, 0, 0, 0, 9, 0, 0, 8, 0, 11, 0, 0, 0, 0, 13, 0, 0, 0],
        [0, 0, 13, 4, 6, 5, 0, 21, 0, 1, 0, 0, 15, 0, 0, 2, 0, 0, 0, 0, 23, 0, 22, 7, 12],
        [12, 0, 11, 0, 7, 0, 3, 0, 4, 0, 0, 0, 0, 0, 1, 0, 0, 0, 0, 0, 0, 9, 0, 0, 8],
        [0, 2, 9, 17, 0, 12, 23, 0, 0, 0, 0, 0, 0, 0, 6, 5, 14, 0, 0, 1, 0, 0, 0, 0, 18],
        [18, 0, 20, 0, 0, 0, 0, 9, 0, 0, 0, 23, 0, 0, 0, 24, 0, 0, 4, 0, 0, 0, 0, 10, 1],
        [0, 5, 0, 21, 0, 18, 0, 0, 0, 16, 0, 2, 0, 17, 0, 12, 0, 0, 0, 7, 0, 0, 0, 0, 6],
        [6, 0, 3, 0, 0, 1, 0, 0, 0, 0, 0, 19, 0, 15, 0, 8, 0, 0, 17, 0, 12, 0, 11, 0, 7],
        [0, 0, 0, 11, 0, 6, 0, 0, 0, 4, 0, 0, 14, 0, 0, 0, 0, 20, 0, 16, 0, 2, 0, 0, 0],
        [25, 0, 2, 9, 17, 0, 12, 0, 0, 22, 6, 24, 0, 13, 0, 1, 0, 14, 0, 10, 0, 0, 0, 0, 0],
        [0, 18, 0, 20, 0, 25, 0, 2, 0, 17, 0, 0, 0, 0, 0, 0, 24, 0, 13, 0, 0, 0, 14, 0, 10]        
      ],
      [
        [0, 0, 0, 12, 0, 21, 0, 0, 0, 6, 0, 0, 0, 0, 0, 0, 0, 0, 0, 20, 0, 0, 0, 0, 0],
        [0, 0, 0, 0, 0, 15, 0, 0, 12, 0, 21, 0, 16, 0, 0, 0, 0, 0, 0, 0, 0, 0, 0, 0, 0],
        [0, 11, 0, 25, 0, 0, 0, 14, 0, 1, 0, 0, 0, 12, 0, 0, 9, 0, 0, 6, 0, 0, 0, 0, 0],
        [19, 0, 3, 7, 24, 0, 11, 0, 25, 0, 0, 0, 0, 0, 1, 0, 0, 0, 0, 0, 0, 0, 0, 0, 0],
        [0, 21, 9, 0, 0, 0, 4, 0, 7, 0, 20, 0, 18, 0, 0, 0, 0, 0, 0, 0, 0, 0, 0, 0, 2],
        [0, 0, 0, 0, 12, 0, 0, 9, 0, 0, 0, 4, 0, 0, 0, 0, 0, 0, 0, 0, 0, 0, 0, 0, 0],
        [1, 0, 0, 0, 0, 0, 0, 0, 0, 0, 0, 0, 0, 0, 0, 0, 4, 0, 0, 0, 0, 0, 0, 0, 0],
        [0, 0, 0, 0, 0, 0, 0, 0, 0, 0, 0, 0, 0, 0, 0, 0, 0, 0, 0, 0, 0, 0, 3, 0, 0],
        [0, 19, 0, 3, 0, 0, 0, 0, 0, 0, 1, 5, 0, 0, 0, 0, 0, 0, 8, 0, 0, 0, 0, 0, 0],
        [0, 0, 0, 0, 16, 0, 0, 0, 3, 0, 0, 0, 0, 18, 0, 1, 0, 0, 0, 0, 2, 0, 0, 0, 0],
        [0, 2, 0, 0, 0, 0, 0, 21, 0, 16, 0, 0, 4, 3, 0, 0, 0, 0, 0, 0, 1, 0, 0, 0, 0],
        [0, 0, 0, 0, 0, 0, 0, 0, 0, 0, 0, 0, 0, 0, 0, 0, 0, 0, 3, 0, 0, 0, 0, 0, 0],
        [25, 0, 0, 11, 0, 0, 0, 0, 0, 0, 0, 2, 0, 0, 0, 0, 0, 0, 0, 0, 0, 0, 0, 0, 0],
        [0, 24, 0, 4, 0, 0, 0, 0, 0, 0, 0, 0, 5, 0, 0, 0, 0, 0, 0, 8, 0, 0, 0, 9, 0],
        [16, 0, 0, 21, 0, 7, 0, 0, 4, 0, 0, 0, 0, 0, 0, 0, 1, 0, 0, 0, 0, 2, 0, 0, 0],
        [0, 0, 0, 15, 0, 0, 10, 0, 0, 0, 0, 0, 19, 0, 0, 0, 0, 0, 0, 0, 0, 0, 0, 0, 0],
        [14, 0, 1, 0, 17, 0, 0, 0, 0, 0, 0, 0, 6, 0, 9, 0, 24, 0, 4, 0, 0, 0, 0, 0, 0],
        [0, 25, 0, 20, 0, 0, 0, 1, 0, 0, 0, 0, 2, 0, 0, 0, 0, 0, 0, 0, 7, 0, 0, 0, 0],
        [3, 0, 0, 0, 4, 0, 0, 0, 20, 0, 0, 0, 1, 0, 17, 0, 0, 2, 0, 0, 0, 10, 0, 0, 0],
        [0, 0, 10, 0, 0, 0, 0, 24, 0, 4, 0, 0, 0, 0, 0, 0, 0, 1, 0, 0, 0, 0, 0, 0, 13],
        [0, 8, 0, 0, 0, 0, 0, 0, 6, 0, 0, 7, 0, 0, 0, 0, 25, 0, 0, 0, 0, 0, 1, 0, 0],
        [0, 0, 0, 1, 5, 0, 0, 0, 0, 0, 0, 0, 0, 0, 0, 3, 7, 0, 0, 4, 18, 0, 0, 0, 11],
        [11, 0, 0, 0, 0, 0, 0, 0, 0, 5, 0, 0, 0, 0, 15, 0, 0, 0, 6, 0, 0, 0, 0, 0, 0],
        [0, 0, 0, 0, 0, 0, 18, 0, 0, 0, 0, 0, 22, 0, 0, 0, 8, 0, 0, 0, 9, 0, 0, 0, 21],
        [0, 0, 16, 0, 6, 0, 0, 0, 0, 0, 0, 0, 0, 0, 20, 0, 0, 0, 1, 0, 13, 0, 0, 0, 0]        
      ]
    ]
  }
}